Metric,Value
Accuracy,0.9594594594594594
F1 Score,0.9396495848722723
